"","Date","ECB","Austria","Belgium","Cyprus","Germany","Estonia","Finland","France","Greece","Ireland","Italy","Lithuania","Luxembourg","Latvia","Malta","Netherlands","Portugal","Slovenia","Slovakia","Spain","Extra EU"
"1",2008-05-31,34166.77,-24462.09,-53759.33,-2143.93,91759.28,NA,-2117.1,-49681.74,-19257.54,-2789.27,29857.24,NA,19589.82,NA,-751.18,10213.42,-13285.4,-3541.34,NA,-13949.89,152.28
"2",2008-06-30,34238.79,-24658.99,-56768.9,-2066.21,95534.57,NA,-3279.66,-67582.52,-21796,-4986.42,48878.62,NA,9067.99,NA,-852.85,21912.43,-12605.82,-3580.56,NA,-11893.53,439.06
"3",2008-07-31,34142.35,-18960.41,-56636.01,-2794.79,94241.33,NA,-2981.43,-66121.8,-17523.54,-13491.29,58402.89,NA,16154.41,NA,-1006.26,13329.47,-13370.96,-3641.85,NA,-19917.19,175.07
"4",2008-08-31,36400.52,-25690.37,-55600.17,-2668.67,108085.23,NA,-2762.5,-73477.12,-15552.54,-15055.41,67574.05,NA,18200.27,NA,-1058.78,7272.87,-16502.93,-3802.7,NA,-25538.58,176.83
"5",2008-09-30,101716.85,-24545.39,-103913.62,-3800.1,99957.52,NA,702.06,-54288.94,-14497.43,-25832.92,39719.93,NA,16924.35,NA,-970.25,10415.87,-14220.55,-3584.28,NA,-23970,186.89
"6",2008-10-31,238123.27,-38594.29,-90870.9,-5885.47,70196.04,NA,-1745.21,-107233.84,-21272.28,-42264.97,25816.23,NA,6150.9,NA,-710.56,7087.55,-17153.29,-3491.12,NA,-18329.62,177.55
"7",2008-11-30,219188.24,-37527.77,-83471.21,-5631.57,93376.88,NA,-588.42,-119078.99,-26017.87,-45092.68,26799.83,NA,22084.76,NA,-559.82,5097.32,-18669.98,-3699.03,NA,-26461.11,251.44
"8",2008-12-31,234888.54,-35699.24,-104233.27,-6542.39,115294.73,NA,5197.48,-117683.98,-35348.31,-44363.65,22919.28,NA,42120.98,NA,-664.94,-18786.48,-18952.81,-3569.81,NA,-34988.89,412.77
"9",2009-01-31,172542.75,-32138.44,-84809.7,-6662.27,133692.35,NA,1821.18,-107163.39,-35310.68,-44750.79,50650.3,NA,24628.65,NA,750.01,-11970.93,-15974.07,-3581.17,-9387.25,-32549.91,213.37
"10",2009-02-28,148597.58,-26206.28,-85541.47,-6682.47,147303.88,NA,4951.48,-90516.68,-31968.06,-64050.37,54902.33,NA,28232.42,NA,857.42,-11798.23,-16377.79,-2727.12,-11654.49,-37521.99,199.83
"11",2009-03-31,163151.41,-27415.07,-87011.58,-8384.81,151680.72,NA,1453.42,-81345.22,-36851.52,-92053.65,70016.25,NA,33899.9,NA,-57.07,-23477.46,-17168.69,-2971.52,-12622.48,-32140.34,1297.72
"12",2009-04-30,132066.22,-22967.1,-83128.59,-7555.41,151774.18,NA,592.83,-60029.41,-46774.57,-98158.34,67299.91,NA,31672.46,NA,325.11,-8308.72,-16070.3,-2756.77,-13441.33,-25761.61,1221.45
"13",2009-05-31,110431.72,-23545.79,-73683.14,-8872.79,139664.01,NA,4008.86,-46474.86,-38535.59,-98331.58,72635.03,NA,30752.19,NA,-144.74,-8673.74,-15925.89,-3055.55,-14544.93,-26938.99,1235.79
"14",2009-06-30,69016.91,-26646.4,-55941.51,-8869.87,171052.13,NA,4990.06,-50211.06,-44721.81,-98793.53,73591.07,NA,33971.62,NA,232.38,-1469.06,-13662.27,-3707.97,-14993.67,-35259.89,1422.84
"15",2009-07-31,48865.13,-22414.97,-54677.04,-8192.38,161956.23,NA,1199.61,-49149.74,-38128.54,-72578.61,66968.34,NA,41424.39,NA,370.08,-957.52,-17891.58,-3474.15,-15853.42,-39275.33,1809.48
"16",2009-08-31,46627.75,-20192.18,-48870.5,-8298.67,159718.38,NA,-579.69,-74894.79,-36092.99,-56359.82,61438.15,NA,44670,NA,-2.39,14558.76,-19636.29,-3302.95,-15180.08,-45374.7,1772.01
"17",2009-09-30,35914.93,-24808.37,-53356.03,-6130.66,179035.04,NA,-379.67,-92335.71,-38654.81,-50264.4,82168.72,NA,55733.22,NA,-307.15,-2104.06,-20292.29,-2938.7,-15764.87,-47375.91,1860.73
"18",2009-10-31,23529.89,-25928.38,-42799.88,-5541.37,154346.41,NA,-1664.97,-81530,-40832.08,-41105.74,81503.72,NA,47250.53,NA,-337.78,13246.31,-22209.99,-3055.7,-15987.99,-41216.91,2333.94
"19",2009-11-30,17767.28,-26136.26,-39282.12,-5226.11,160779.67,NA,-1614.35,-81544.78,-37870.34,-36567.15,59995.46,NA,48361.13,NA,-674.81,11101.29,-23516.98,-3027.12,-15467.81,-29553.89,2476.87
"20",2009-12-31,3971.3,-19630.18,-42519.76,-7121.97,177722.51,NA,9534.82,-62007.93,-49036.06,-53518.91,54753.36,NA,52499.63,NA,-813.71,15428.68,-23436.35,-3344.62,-14520.63,-41135.02,3174.84
"21",2010-01-31,-3546.5,-23495.01,-33822.39,-8001.22,177759.59,NA,2084.27,-77891.14,-48233.49,-51575.05,77579.21,NA,50319.87,NA,-773.79,14480.45,-22176.17,-2439.66,-14615.14,-37404.89,1751.06
"22",2010-02-28,-4462.82,-25340.86,-39509.55,-8271.99,197483.01,NA,4015.26,-63589.87,-53455.34,-47040.46,62104.46,NA,50807.13,NA,-791.81,14952.12,-28636,-3001.27,-15297.95,-41702.64,1738.59
"23",2010-03-31,-6268.59,-31746.03,-41043.21,-9082.25,207417.81,NA,5644.31,-54229.49,-60919.2,-38062.83,48702.16,NA,52711.32,NA,-812.83,13635.96,-27712.42,-2758.74,-14466.46,-43305.44,2295.93
"24",2010-04-30,-6714.2,-26638.32,-32799.33,-9040.08,213678.4,NA,6032.63,-52553.83,-82603.8,-41816.25,43915.6,NA,55936.22,NA,-733.14,17712.7,-33790.78,-2562.54,-14146.95,-35739.13,1862.81
"25",2010-05-31,-6920.32,-32256.95,-41421.37,-9828.38,255465.34,NA,12652.58,-29607.51,-79500.47,-58472.1,35073.15,NA,63985.31,NA,-837.58,38987.66,-52814.25,-3123.5,-14880.26,-78140.69,1639.34
"26",2010-06-30,-16433.03,-34333.14,-34552.13,-7764.83,249416.9,NA,29533.79,8674.45,-84711.54,-65665.79,21839.38,NA,81669.17,NA,-862.54,33182.19,-58087.14,-3094.42,-15038.13,-105618.1,1844.92
"27",2010-07-31,-16994.04,-23787.96,-24284.47,-8346,271224.97,NA,15931.52,-19889.45,-90782.51,-53636.23,33601.03,NA,68497.37,NA,-1202.48,35479.64,-68158.12,-2711.13,-13928.78,-102066.28,1052.93
"28",2010-08-31,-18010.61,-25104.71,-19876.84,-9336.77,282598.75,NA,3339.02,-26362.29,-94044.33,-65159.27,28135.96,NA,67460.72,NA,-836.5,46192.47,-68859.93,-3044.02,-14161.49,-84096.54,1166.39
"29",2010-09-30,-18400.03,-26224.95,-17198.52,-8949.44,309980.47,NA,6264.04,-31390.77,-87868.28,-103697.82,15459.59,NA,67021.8,NA,-1067.24,32543.37,-61293.43,-2717.2,-14451.11,-59130.6,1120.12
"30",2010-10-31,-18263.87,-25040.64,-13938.53,-8989.25,286663.75,NA,4414.47,-23079.59,-91573.26,-116649.37,29943.48,NA,68608.84,NA,-1168.56,28146.06,-60512.59,-3046.34,-12982.68,-43038.26,506.34
"31",2010-11-30,-19212.45,-25754.11,-16736.45,-8202.49,299445.22,NA,6844.46,-11771.66,-93537.35,-138506.81,30524.16,NA,66870.97,NA,-1068.5,28583.53,-58619.61,-2971.71,-13351.05,-42955.57,419.42
"32",2010-12-31,-22369.74,-27467.06,-13855.83,-6444.23,325556.43,NA,19685.53,-28348.77,-87088.09,-145185.18,3410.28,NA,67923.76,NA,-1222.58,40499.85,-59912.24,-2092.63,-13311.47,-50922.53,1144.49
"33",2011-01-31,-21037.22,-30443.75,-13009.96,-6833.41,302629.65,-341.36,5219.06,-18703.87,-87308.78,-134149.9,27700.25,NA,67945.13,NA,-1319.28,34419.13,-62188.69,-2248.19,-12768.1,-48086.44,525.71
"34",2011-02-28,-20371.34,-29139.39,-13639.31,-7191.14,320709.55,-202.9,4073.7,-25812.23,-85859.72,-140993.24,19634.26,NA,69729.66,NA,-1264.94,29146.07,-62211.65,-1927.43,-12071.03,-42965.59,356.67
"35",2011-03-31,-20995.87,-32801.32,-13441.82,-7029.82,323228.61,77.36,8822.99,-22420.36,-76455.14,-139624.23,823.26,NA,68588.75,NA,-1284.23,25392.17,-60315.88,-1277.34,-11782.34,-40028.01,523.22
"36",2011-04-30,-21357.68,-31597.23,-13180.58,-6773.84,309107.45,-178.02,4812.86,-22666.46,-83036.73,-132673.9,12018.58,NA,68162.58,NA,-1388.31,38407.7,-68843.7,-1696.38,-11936.17,-37533.2,353.02
"37",2011-05-31,-21108.32,-34245.49,-13372.53,-7032.66,323641.36,123.72,7040.7,-28879.32,-91349.44,-125680.19,13865.92,NA,70864.57,NA,-1249.41,39838.42,-66537.58,-1738.73,-11548.38,-53063.12,430.48
"38",2011-06-30,-20659.59,-35071.8,-21285.43,-6369.62,336540.7,-147.92,14566.4,-18318.45,-96802.45,-128649.18,5997.08,NA,69769.35,NA,-1862.23,20541.06,-57258.71,-1945.71,-14132.79,-45360.66,449.96
"39",2011-07-31,-20446.33,-31869.19,-19604.94,-7297.66,343662.26,54.31,6004.99,-7405.73,-91202.25,-126586.01,-16312.17,NA,76291.11,NA,-1453.99,27802.28,-61945.24,-2082.95,-11246.8,-56671.37,309.67
"40",2011-08-31,-21545.07,-33568.32,-22967.08,-7323.81,390424.43,48.2,18359.54,-33488.59,-97450.19,-119204.34,-57468.61,NA,72235.49,NA,-453.75,64750.28,-62535.94,-2306.39,-9631.13,-78224.36,349.65
"41",2011-09-30,-17563.15,-31915.23,-24111.31,-8581.81,449612.81,86,43419.97,-97730.42,-100754.49,-123320.65,-103511.09,NA,84257.1,NA,-574.27,88704.54,-57235.02,-2334.56,-11004.78,-88620.4,1176.73
"42",2011-10-31,-17218.8,-27044.24,-42357.06,-8096.78,465517.94,469.86,25759.68,-98529.74,-105688.18,-117071.95,-88598.05,NA,83240.52,NA,-686.74,110093.23,-58731.76,-2553.12,-10875.76,-108487.59,858.55
"43",2011-11-30,-16809.26,-30690.78,-43132.43,-8745.6,495164.18,493.09,41868.93,-88685.53,-109315.07,-120321.95,-147535.09,NA,97387.17,NA,-338.44,143057.6,-61718.87,-2634.78,-11464.02,-137178.03,598.88
"44",2011-12-31,42158.68,-34590.88,-52867.17,-7907.75,463134.19,637.98,66008.14,-77423.73,-104750,-120433.86,-191379.25,NA,109423.24,NA,-422.46,152782.81,-60923.11,-2733.49,-13622.09,-174978.7,7887.45
"45",2012-01-31,40486.21,-34978.42,-52248.18,-8983.44,498131.36,558.83,51456.56,-113666.33,-107426.56,-106282.84,-180129.68,NA,103525.34,NA,-737.23,168882.51,-62645.71,-3297.73,-11009.6,-183786.26,2151.15
"46",2012-02-29,43700.7,-35802.99,-52481.63,-10160.48,547046.72,475.12,44198.03,-93289.51,-107267.02,-96732.92,-194081.59,NA,98297.22,NA,-583.23,143765.94,-63978.28,-4060.2,-10051.64,-211425.46,2431.23
"47",2012-03-31,2934.66,-37914.14,-38588.88,-7962.1,615591.53,617.62,73143.58,-46070.6,-103735.62,-96000.7,-270408.14,NA,115105.64,NA,-1096.34,154905.16,-74538.27,-5366.09,-8048.38,-276033.43,3464.5
"48",2012-04-30,3682.41,-41545.68,-34972.52,-8445.12,644182.01,787.38,61993.79,-22890.57,-98046.82,-98688.06,-279378.78,NA,120297.43,NA,-695.86,136050.42,-68809.61,-5472.26,-7269.44,-302840.66,2061.93
"49",2012-05-31,7409.73,-42639.92,-38406.81,-10779.86,698567.1,723.05,53683.1,-44207.25,-101554.51,-97204.15,-274626.23,NA,123990.43,NA,-1223.77,142510.64,-62689.55,-5297.16,-5733.14,-345105.51,2583.8
"50",2012-06-30,11928.49,-39083.54,-31069.09,-11272.87,728566.72,698.78,72473.68,-10176.71,-105987.46,-100092.21,-274291.3,NA,125259.65,NA,-1132.84,123299.44,-74323.74,-5166.04,-5269.69,-408419.79,4058.53
"51",2012-07-31,15120.62,-41045.53,-41090.88,-10433.54,727206.15,774.59,59139.99,4021.05,-105044.04,-94063.72,-280092.85,NA,123996.93,NA,-1356.04,130420.19,-72515.46,-5754.33,-4072.87,-423272.35,18062.09
"52",2012-08-31,9525.86,-42573.45,-35782.88,-10219.18,751449.18,674.78,62481.29,7178.07,-107876.06,-91409.2,-289320.07,NA,116561.72,NA,-1233.59,124968.44,-72026.7,-5818.74,-2540.57,-434427.77,20388.87
"53",2012-09-30,628.74,-40713.61,-29084.96,-9926.04,695458.43,637.17,70401.78,6138.49,-107839.91,-84412.83,-280767.47,NA,113140.32,NA,-532.69,119481.19,-71723.21,-5737.28,-1551.75,-400140.76,26544.38
"54",2012-10-31,1057.39,-40733.84,-39303.58,-9857.33,719351.98,683.31,75770.77,-40983.11,-108395.93,-84844.64,-266742.38,NA,109363.39,NA,-467.15,117921.22,-69600.93,-4159.38,-2148.38,-380436.66,23525.26
"55",2012-11-30,571,-39203.14,-34471.47,-9010.49,715123.89,594.04,51812.5,-58962.71,-108459.76,-83046.17,-246954.73,NA,105278.98,NA,-137.51,118629.96,-66608.75,-4653.32,854.59,-366048.31,24691.39
"56",2012-12-31,-2196.49,-39926.36,-38160.89,-7468.26,655669.74,1740.6,70603.37,-54799.3,-98355.19,-79259.18,-255101.9,NA,106160.49,NA,-201.26,120771.92,-66025.85,-4438.76,887.16,-337344.47,27444.65
"57",2013-01-31,-6444.32,-43231.95,-24415.61,-7463.98,616937.24,1574.23,44316.15,-63764.7,-87022.16,-70867.2,-228162.88,NA,99039.5,NA,407.63,124929.54,-62922.83,-4796.94,1086.06,-309414.22,20216.42
"58",2013-02-28,-4455.35,-42696.81,-16841.63,-8177.49,612572.17,1576.53,43179.54,-60312.02,-78140.2,-67922.62,-256397.22,NA,98132.98,NA,397.76,121102.65,-63369.31,-5110.67,5374.57,-297127.98,18215.1
"59",2013-03-31,-3946.56,-40422.22,-10623.49,-9302.06,588722.24,1485.9,34083.56,-26982.17,-71400.03,-60059.51,-242939.26,NA,102654.97,NA,618.2,82766.01,-63225.05,-4951.83,4810.37,-296902.31,15613.25
"60",2013-04-30,-3572.67,-38756.69,-15927.42,-9388.77,607865.71,1484.42,35779.42,-44847.22,-73545.82,-67853.51,-242310.77,NA,103611.7,NA,426.55,85660.2,-66270.66,-5010.96,5972.65,-289121.12,15804.95
"61",2013-05-31,-7311.99,-38706.74,-12667.08,-7364.97,589188.97,1631.28,29195.81,-44109,-65451.39,-61596.02,-228910.28,NA,99112.23,NA,377.48,75645.5,-63186.29,-3009.84,6857.32,-284901.33,15206.34
"62",2013-06-30,-7169.3,-41221.12,-12166.98,-7129.13,575476.61,1591.85,23794.74,-41262.45,-59306.96,-57003.03,-222985.9,NA,103276.41,NA,376.82,74224.77,-62947.39,-3233.23,7337.45,-282598.86,10945.69
"63",2013-07-31,-7338.06,-44777.58,-14868.26,-6939.12,576469.04,1332.34,20550.96,-30045.28,-53329,-55462.78,-211122.92,NA,100443.06,NA,363.55,61684.14,-64744.52,-3741.08,8055,-281423.92,4894.43
"64",2013-08-31,-7540.69,-40477.85,-14692.29,-7049.34,573628.27,1360.49,26682.38,-11559.11,-53840.35,-57040.49,-233786.06,NA,105082.47,NA,458.59,53438.76,-64398.2,-3571.1,7058,-281587.73,7834.25
"65",2013-09-30,-7078,-37836.39,-11692.93,-7089.25,570368.08,1304.94,18334.74,-25862.88,-52381.89,-56598.08,-233176.42,NA,102620.81,NA,459.19,62879.76,-68364.45,-3589.13,6942.73,-268525.13,9284.29
"66",2013-10-31,-6808.02,-40523.15,-10162.83,-7134.22,561496.99,1244.94,13772.59,-36431.45,-49664.61,-57370.96,-210893.57,NA,104217.74,NA,401.18,63005.86,-69564.47,-3566.22,6381.97,-264183.96,5782.21
"67",2013-11-30,-6619.91,-41892.86,-10419.12,-7214.99,544488.11,1067.98,18192.88,-48129.09,-48429.43,-54059.1,-215477,NA,103280.45,NA,139.4,59105.57,-61184.95,-1778.67,6283.13,-241255.5,3903.07
"68",2013-12-31,-6721.48,-39150.46,-15495.06,-6842.62,510200.98,1836.43,22240.16,-16187.99,-51115.92,-55116.91,-229127.83,NA,103667.77,NA,-672.47,46115.39,-59564.54,-1038.61,2686.54,-213684.7,7971.32
"69",2014-01-31,-6928.56,-39194.01,-14354.96,-6862.65,500357.22,1204.77,19130.99,-27651.53,-51489.1,-51886.1,-199410.92,NA,105377.99,36.47,-325.85,44156.86,-59069.51,-1318.75,6278.03,-221095.93,3045.52
"70",2014-02-28,-6734.39,-37877.58,-15677.36,-7016.85,499231.99,1312.23,15047.93,-25438.96,-51928.89,-50516.2,-190217.4,NA,103520.11,23.24,-194.97,41632.61,-55988.96,946.64,7913.79,-232098.03,4061.05
"71",2014-03-31,-5008.12,-32144.54,-18285.96,-6313.61,470074.91,1350.07,20452.4,-14583.68,-46144.68,-46062.07,-195479.79,NA,105338.96,-475.01,-982.44,41407.2,-58360.01,842.2,6486.33,-227049.27,4937.1
"72",2014-04-30,-6146.83,-38985.3,-15881.54,-5581.12,477688.54,1555.49,13721.74,-31142.65,-39156.26,-44261.07,-171192.62,NA,108108.84,3.79,-1213.58,31285.75,-56582.69,1663.21,3813.57,-230520.93,2823.68
"73",2014-05-31,-5238.94,-36888.23,-16128.68,-5526.66,466862.4,1558.97,17735.88,-38534.06,-35996.09,-34236.91,-168337.95,NA,105270.56,-618.05,-1101.83,29510.24,-57373.5,1708.47,-488.81,-224836.87,2660.05
"74",2014-06-30,-21299.82,-36577.94,-21150.99,-4728.39,461816.86,718.16,18557.17,-37842.65,-30495.53,-29157.23,-149402.02,NA,104724.03,-2137.9,-1689.97,8890.92,-56027.05,1387.28,2787.39,-209470.33,1098
"75",2014-07-31,-21041.72,-39166.48,-20614.86,-4898.62,443548.11,761.45,15924.09,-17423.74,-31619.76,-27178.1,-130294.82,NA,103045.04,-2429.59,-1628.89,1654.72,-59912.22,1356.06,5686.68,-216437.18,669.84
"76",2014-08-31,-20353.85,-38963.35,-20564.08,-4771.84,464303.47,698.49,13206.87,-9051.78,-36419.61,-25195.23,-160596.53,NA,100517.93,-2429.84,-1254.53,4591.76,-58113.89,1465.14,5138.23,-213301.72,1094.37
"77",2014-09-30,-20248.61,-37793.54,-17891.78,-3571.79,479920.37,660.99,12107.54,-596.4,-34636.08,-23421.99,-197409.82,NA,105760.18,-2395.06,-1667.38,-900.56,-53996.4,2087.32,4389.81,-211653.47,1256.66
"78",2014-10-31,-17847.1,-35370.22,-15630.38,-3483.2,468708.37,718.8,10187.82,-15034.94,-38462.05,-22134.29,-181919.08,NA,112414.45,-2548.67,-1575.17,-3984.72,-59429.24,1600.19,4742.99,-201469.75,516.18
"79",2014-11-30,-21147.35,-36643.14,-11286.14,-3253.61,467866.33,709.11,8716.21,-20398.17,-41708.67,-13506.56,-195458.17,NA,107053.54,-2304.54,-1868.33,4964.01,-56658.34,2136.83,4541.31,-192274.59,520.26
"80",2014-12-31,-23638.81,-30087.09,-12373.48,-2500.93,460846.36,3191.03,19732.48,-17008.66,-49318.91,-22736.42,-208944.72,NA,105084.37,-796.98,-1930.22,19411.89,-54591.1,2385.85,2240.61,-189865.44,900.17
"81",2015-01-31,-25535.98,-37375.48,-13525.17,-2458.34,515266.07,731.45,12500.34,-53584.08,-75994.24,-15172.06,-164474.34,202.67,106568.38,-2735.35,-1583.94,-7127.12,-47504.09,2839.62,-138.5,-191917.18,1017.33
"82",2015-02-28,-27533.43,-38527.83,-8812.38,-1719.12,513365.58,1053.49,13622.19,-55131.02,-91157.24,-14793.07,-164565.47,-740.86,103267.06,-2212.2,-1537.25,8010.4,-44034.59,2631.9,115.73,-192416.95,1115.07
"83",2015-03-31,-32838.01,-36960.56,-10558.94,-272.45,531700.66,938.78,25032,-16365.2,-96427.5,-18463.17,-191509.92,-765.28,109278.25,-2386.92,-1328.96,3122.06,-55357.98,2971.99,267.42,-212376.86,2300.6
"84",2015-04-30,-38527,-35896.46,-830.8,-160.78,532192.59,1991.96,14429.28,-58764.17,-98769.97,-13531.37,-177231.62,-26.62,118158.06,-1983.24,-991.25,19090.39,-56927.08,1831.4,1809.94,-207439.46,1576.2
"85",2015-05-31,-44586.75,-34839.38,-6677.62,717.58,526190.8,1890.11,15509.29,-72757.66,-100316.18,-9666.89,-163993.97,-307.05,114597.3,-2207.63,-1181.58,40793.51,-55744.37,1389.44,1670.16,-212014.91,1535.79
"86",2015-06-30,-51181.68,-28086.34,-10602.08,1034.38,531074.03,2156.85,30236.66,-26205.88,-107702.11,-11182.72,-188629.58,-1051.14,113516.59,-2330.78,-1065.94,33140.31,-59433.12,906.79,1074.68,-227486.96,1818.04
"87",2015-07-31,-53411.33,-33023.51,-5107.28,1772.61,542584.75,2124.69,28239.75,-47986.4,-106126.86,-8310.81,-195221.06,42.51,116795.33,-2450.17,-1008.16,41865.86,-59053.11,1793.85,2369.84,-227689.13,1798.63
"88",2015-08-31,-60920.46,-37566.36,-12260.03,1707.23,561283.87,1998.37,44334.01,-57261.55,-101644.66,-5895.62,-214593.32,-281.46,116672.66,-2587.4,-835.65,54233.3,-59705.5,726.26,645.94,-229663.07,1613.44
"89",2015-09-30,-65526.83,-34526.81,-4421.39,1846.66,555174.55,1555.8,29319,-35235.52,-104919.53,-2980.65,-235654.96,-1220.94,129772.35,-2502.88,-925.69,53070.41,-56381.79,499.76,-527.26,-228278.5,1864.22
"90",2015-10-31,-68195.66,-32254.57,1504.21,3025.14,562818.3,1414.19,30878.38,-64101.63,-103046.83,-2327.12,-223031.03,1180.81,139214.57,-2705.35,-824.52,41650.09,-59854.38,-93.77,439.46,-227156.38,1466.08
"91",2015-11-30,-73828.91,-31966.87,-6995.15,2361.13,592517.64,1318.09,31752.38,-73457.24,-97254.85,-4139.1,-229595.49,1055.47,140436.43,-2571.36,-858.78,49856.36,-58956.87,-147.49,368.41,-241015.23,1121.42
"92",2015-12-31,-83756.26,-29154.76,-7748.38,2380.48,584210.03,2760.95,20144.31,-29241.5,-94386.91,-3036.81,-248859.25,240.14,147570.79,-1312.1,-922.43,54726.86,-61686.66,240.32,460.63,-254114.63,1485.16
"93",2016-01-31,-92024.9,-37514.1,-15646.71,2548.31,586999.79,1663.55,45846.33,-42048.5,-94615.05,-710.07,-251263.64,1387.39,145918.44,-2599.99,-700.36,60627.2,-60459.58,-208.05,-267.41,-248257.92,1325.27
"94",2016-02-29,-98158.32,-30679.12,-14629.32,2321.23,605006.29,1828.43,72407.41,-68080.97,-95206.31,1248.09,-249533.12,114.18,147448.66,-3032.06,-740.7,58590.17,-66899.96,-1007.48,399.61,-263163.67,1766.94
"95",2016-03-31,-100070.53,-34847.19,-15890.16,2471.3,609189.86,1581.27,45779.84,-24619.95,-95377.11,-1102.43,-263320.42,-1639.91,156122.25,-3827.07,-565.04,57090.99,-64840.09,-736.95,-618.08,-266549.18,1768.59
"96",2016-04-30,-104985.31,-34987.13,-14030.89,3359.17,625773.74,1411.57,70493.77,-68523.89,-95750.87,-7095.85,-264721.48,-494.46,150772.21,-3880.78,-457.31,60737.25,-64989.39,478.57,-248.59,-254892.81,2032.48
"97",2016-05-31,-113397.15,-37353.01,-20422.94,3601.66,655544.35,1186.22,73379.17,-44690.26,-93735.9,-4296.42,-276213.97,-1016.67,148363.11,-4197,-309.71,73687.36,-65763.19,-185.66,-1308.15,-294739.82,1867.99
"98",2016-06-30,-125172.68,-35301.25,-24262.37,4159.4,681070.57,1138.74,46122.28,-16901.44,-79754.36,-3578.33,-288873.2,-2112.88,149856.6,-5067.19,108.85,71591.25,-65200.7,-387.5,-2647.13,-307102.43,2313.76
"99",2016-07-31,-133463,-31621.5,-27054.61,4993.17,660319.96,1147.26,63987.57,-33487.64,-81336.13,-4039.25,-292090.03,-1211.05,156384.03,-4540.47,-230.18,82083.25,-65689.88,-464.28,-2708.22,-293106.54,2127.54
"100",2016-08-31,-137869.93,-31948.04,-17002.55,5283.12,677478.97,896.88,67136.48,-10578.22,-78256.61,-645.9,-326945.27,-1314.59,151786.52,-4803.65,152.63,88417.76,-66272.75,-191.26,-3846.01,-313579.48,2101.89
"101",2016-09-30,-141521.64,-37056.47,-10428.45,5052.99,715737.92,1251.94,57078.1,-36961.7,-77334.27,2219.9,-353940.08,-1946.4,164937.18,-4947.77,401.27,103630.26,-65585.85,666.69,-4565.43,-319654.16,2965.94
"102",2016-10-31,-153409.91,-30771.84,1538.06,5461.18,708028.77,903.56,57815,-36064.08,-72740.19,-2469.8,-355459.18,-1485.15,169032.24,-4945.72,614.18,99623.1,-69354.77,-631.69,-4110.07,-313834.37,2260.69
"103",2016-11-30,-161458.93,-30495.11,-6448.37,5582.3,754057.23,966.23,53715.66,-38655.08,-71796.99,-1919.72,-358612.15,-1889,166756.87,-5154.24,864.86,99628.35,-72342.15,-685.63,-4490.33,-330396,2772.21
"104",2016-12-31,-159741.42,-31182.26,-18583.02,5864.87,754262.91,924.12,22031,-13803.13,-72257.25,-951.73,-356559.15,-3590.34,187381.13,-5292.39,1019.45,86999.77,-71588.28,-1247.69,-5119.35,-328074.53,9507.3
"105",2017-01-31,-171873.26,-31152.5,-7790.51,5583.57,795621.29,814.15,44276.33,-12442.47,-70297.27,-3131.38,-364733.34,-2307.6,176606.3,-5830.14,1266.95,72384.05,-72272.27,-429.81,-6663.18,-350191.1,2562.18
"106",2017-02-28,-177818.34,-35189.13,-5752.27,5328.31,814375.28,879.51,57724.11,-24668.25,-70986.54,1726.11,-386086.79,-2577.86,175752.72,-5399.79,1619.21,89910.31,-72710.67,-623.26,-6495.94,-361726.22,2719.49
"107",2017-03-31,-182987.74,-40919.84,-14578.93,5564.28,829751.01,505.88,64955.11,-611.3,-75390.69,3435.08,-419838.49,-3274.14,189169.41,-5860.49,2600.02,102222.42,-74823.94,-530.83,-7749.46,-374567.91,2930.55
"108",2017-04-30,-192541.72,-35033.84,-17260.19,5591.95,843439.16,281.69,70957.93,-28018.7,-76877.01,-429.25,-411595.06,-3126.06,190263.36,-5571.98,2667.29,102934.04,-73884.77,-1140.02,-7477.59,-366445.14,3265.93
"109",2017-05-31,-197558.62,-43626.11,-12143.35,5760.13,857272.35,-55.01,70552.15,-8554.54,-75919.53,2511.92,-421582.84,-2206.88,187840.57,-6103.95,2617.68,98368.11,-75393.36,-414.39,-8536.37,-375626.48,2798.53
"110",2017-06-30,-201784.57,-43080.08,-13399.75,5948.39,860763.85,79.37,56118.58,5130.64,-76037.55,8234.53,-413862.54,-2067.89,191130.08,-5688.72,3272.26,78899.52,-76304.78,-468.51,-8525.93,-371069.27,2712.37
"111",2017-07-31,-209270.11,-39092.27,-20672.75,6048.66,856510.39,-5.42,61592.22,-12234.54,-71208.85,8249.69,-397735.62,-2083.07,189541.74,-6587.96,3072.33,101483.86,-77299.29,-586.98,-9302.26,-383174.25,2754.47
"112",2017-08-31,-212940.15,-37979.29,-22095.3,6216.09,852511.36,32.75,65475.86,9278.5,-67027.86,5762.54,-414164.65,-2372.15,183453.16,-6463.36,3408.95,107511.55,-78972.47,-624.29,-9678.11,-384426.12,3092.99
"113",2017-09-30,-215313.32,-37161.37,-15451.74,6150,878887.95,70.17,68596.7,-7085.87,-64197.84,5158.77,-432457.19,-3356.44,190316.16,-6703.43,3506.43,84891.08,-76812.76,88.97,-9756.41,-373439.78,4069.93
"114",2017-10-31,-223859.15,-34975.41,-7707.44,6282.29,848443.48,163.51,72540.11,-28167.16,-61525.35,2676.24,-412443.41,-3196.53,183691.03,-6025.66,3877.88,109448.76,-82337.53,-667.11,-8567.14,-361912.05,4260.63999999999
"115",2017-11-30,-229881.74,-37766.64,-3437.48,6239.39,855548.28,-190.89,71447.77,-26988.24,-60641.99,4881.58,-435882.89,-3954.85,197702.27,-6860.06,3650.69,104052.35,-83908.56,-851.37,10300.2,-367314.69,3856.84
"116",2017-12-31,-222825.7,-45906.25,-36085.05,7363.15,906941.42,943.82,40373.18,30039.94,-59401.65,1888.41,-439022.6,-4026.15,192124.89,-6339.68,4338.62,70955.73,-81246.16,-1433.56,8991.96,-373736.29,6061.98
"117",2018-01-31,-236064.89,-37989.71,-19506.79,7197.13,882051.84,248.54,67733.06,-8893.37,-57570.85,1844.62,-433204.98,-4393.19,195200.35,-6599.22,3725.17,114057.98,-83146.19,-111.39,10295.14,-399041.84,4168.57
"118",2018-02-28,-236396.91,-42235.43,-16028.27,7382.13,913989.05,251.19,69102.11,-39814.44,-53762.71,2971.14,-444420.87,-5761.35,191494.46,-6976.55,3616.78,122641.58,-81943.67,10.62,10681.72,-398736.31,3935.72
"119",2018-03-31,-231904.44,-47596.44,-16210.86,6685.76,923466.08,14.47,58944.23,-65776.23,-47894.94,11067.95,-442456.47,-5792.15,196838.71,-6368.85,3806.97,112392.75,-82870.4,-161.99,10779.17,-381423.18,4459.86
"120",2018-04-30,-245055.96,-42075.51,-5543.17,7287.57,902364.26,-436.82,66896.36,-103424.87,-45924.72,12148.15,-426096.77,-6036.62,207290.1,-6041.6,3145.46,134820.55,-78711.33,333.44,9845.4,-389287.32,4503.39
"121",2018-05-31,-247376.26,-47659,-12976.98,7511.06,956150.39,134.05,74353.92,-83012.26,-44444.4,14600.72,-464653.34,-6230.11,201610.22,-6729.54,3326.21,116415.73,-79853.25,-277.39,9038.04,-393607.38,3679.55
"122",2018-06-30,-246865.01,-53109.04,-16607.01,7407.75,976266.42,133.79,57440.75,-65339.87,-39982.89,18299.28,-480941.16,-6009.18,226213.69,-6640.93,4322.88,90035.05,-81456.09,460.54,10914.65,-398326.22,3782.58
"123",2018-07-31,-251995.72,-43282.82,-20294.63,7613.19,913270.21,167.24,67888.46,-48777.85,-40243.23,15561.4,-471087.13,-5030.44,215306.64,-6837.4,3608.04,133197.74,-81069.34,407.56,10433.23,-402808.52,3973.36
"124",2018-08-31,-254101.52,-44089.08,-20002.95,7746.61,912448.14,202.82,52319.17,-29874.81,-26501.81,15569.49,-492526.47,-4972.73,212047.83,-7132.44,3567.62,127592.12,-78099.38,554.62,10337.61,-389065.73,3980.88
"125",2018-09-30,-253096.78,-50004.88,-12241.73,8331.21,956487.58,3.79,62630.28,-67105.04,-27592.32,17354.95,-489164.25,-6140.15,220984.17,-7169.01,4170.45,102701.8,-78673.2,-2.04,9855.93,-396189.09,4858.33
"126",2018-10-31,-245720.39,-46952.41,-5343.37,8350.84,927555.16,-232.16,49588.07,-25813.45,-29257.77,11827.61,-489532.02,-4793.41,223699.9,-7271.42,3591.08,91657.81,-78720,180.42,10462.28,-397474.87,4198.09
"127",2018-11-30,-248924.8,-37912.23,-1963.58,8085.85,941129.69,160.9,49567.32,-46219.89,-28857.22,13101.5,-491722.78,-4781.23,216682.18,-6924.34,3778.1,101755.57,-79340.48,980.53,9555.19,-401723.01,3572.73
"128",2018-12-31,-246542.18,-45588.28,-52869.72,7824.29,966190.14,763.96,39826.7,-2296.65,-28596.29,14290.4,-481997.9,-5760.68,212957.52,-6212.64,4540.08,92603.87,-82769.71,1242.67,9667.87,-401892.49,4619.03
"129",2019-01-31,-256609.22,-36484.52,-14582.3,7328.26,868142.12,382.73,71323.7,13521.96,-28973.34,19099.93,-481968.73,-4464.53,219006.32,-6749.25,4109.87,93665.95,-81838.79,2325.27,9145.3,-400762.05,4381.33
"130",2019-02-28,-253161.03,-36847.63,-24392.05,7907.69,872697.82,34.45,74133.32,19821.19,-26058.47,21156.37,-482836.26,-3985.13,219214.01,-6527.66,4074.25,79804.2,-81379.67,425.55,9279.45,-397597.54,4237.16
